line_number	line	class_level1	class_level2	class_level3
1	principio eratque	Gospel Lections	Gospel of John	no_level3
2	verbum et verbum erat apud	Gospel Lections	Gospel of John	no_level3
3	deum et deus erat verbum	Gospel Lections	Gospel of John	no_level3
4	voc erat in principio apud	Gospel Lections	Gospel of John	no_level3
5	deum misericordia per ipsorum facta	Gospel Lections	Gospel of John	no_level3
6	sunt et sine ipso factum est	Gospel Lections	Gospel of John	no_level3
7	nichil quod factum est in ipso	Gospel Lections	Gospel of John	no_level3
8	vita erat et vita erat lux	Gospel Lections	Gospel of John	no_level3
9	hominum et lux in tenebris	Gospel Lections	Gospel of John	no_level3
10	licet et tenebre eam non	Gospel Lections	Gospel of John	no_level3
11	coprehenderunt fuit homo	Gospel Lections	Gospel of John	no_level3
12	missus a deo tuum nomen erat	Gospel Lections	Gospel of John	no_level3
13	johannes sicut venit in testi	Gospel Lections	Gospel of John	no_level3
14	montium ut testimonium parhi	Gospel Lections	Gospel of John	no_level3
15	rerent de lumine ut omnes	Gospel Lections	Gospel of John	no_level3
16	crederent per illum non erat	Gospel Lections	Gospel of John	no_level3
17	mille lux sequebant testimonium	Gospel Lections	Gospel of John	no_level3
18	perhiberet de l une frat lux	Gospel Lections	Gospel of John	no_level3
19	vera que illuminationem	Gospel Lections	Gospel of John	no_level3
20	hominem veniente in hunc	Gospel Lections	Gospel of John	no_level3
21	mundum in mundo erat	Gospel Lections	Gospel of John	no_level3
22	mundus per ipsum factus	Gospel Lections	Gospel of John	no_level3
23	et mundus eium non cogno	Gospel Lections	Gospel of John	no_level3
24	uit in propria venit et	Gospel Lections	Gospel of John	no_level3
25	sui eum non receperunt	Gospel Lections	Gospel of John	no_level3
26	quotquot autem receperunt	Gospel Lections	Gospel of John	no_level3
27	eum dedit eis potestatem	Gospel Lections	Gospel of John	no_level3
28	filios dei fieri his qui cre	Gospel Lections	Gospel of John	no_level3
29	dunt in nomine eius et	Gospel Lections	Gospel of John	no_level3
30	non ex sanguinibus neque	Gospel Lections	Gospel of John	no_level3
31	ex voluptate carnis neque	Gospel Lections	Gospel of John	no_level3
32	ex voluntate viri ex deo ira	Gospel Lections	Gospel of John	no_level3
33	tu sunt et verbum sarotactum	Gospel Lections	Gospel of John	no_level3
34	est et habitauit in vobis	Gospel Lections	Gospel of John	no_level3
35	et vidimus gloriam eius	Gospel Lections	Gospel of John	no_level3
36	gloria quasi unigeniti a	Gospel Lections	Gospel of John	no_level3
37	patre pient gratie deum	Gospel Lections	Gospel of John	no_level3
38	tatis deo gratias eorum	Gospel Lections	Gospel of John	no_level3
39	evangelicta dicta deleatur	Gospel Lections	Gospel of John	no_level3
40	noltra deucta aδ sit nomen	Gospel Lections	Gospel of John	no_level3
41	domini benedictum exhoc nunc	Gospel Lections	Gospel of John	no_level3
42	et usque in seculum precem eorum	Gospel Lections	Gospel of John	no_level3
43	rotector interper	Gospel Lections	Gospel of John	no_level3
44	tui deus sumequi	Gospel Lections	Gospel of John	no_level3
45	nichil est validus luchil	Gospel Lections	Gospel of John	no_level3
46	sanctum multiplicta super nobis	Gospel Lections	Gospel of John	no_level3
47	misericordiam tuam ut ce rec	Gospel Lections	Gospel of John	no_level3
48	torté duce sicut transeam	Gospel Lections	Gospel of John	no_level3
49	per bona temporalia ut non	Gospel Lections	Gospel of John	no_level3
50	amittamus eterna per	Gospel Lections	Gospel of John	no_level3
51	christus dominum nostrum amen	Gospel Lections	Gospel of John	no_level3
52	sequentia sancti	Gospel Lections	Gospel of John	no_level3
53	evangelii secundum	Gospel Lections	Gospel of John	no_level3
54	lucam olia tua domine	Gospel Lections	Gospel of John	no_level3
55	millo tempore	Gospel Lections	Gospel of Luke	no_level3
56	missus est angelus ga	Gospel Lections	Gospel of Luke	no_level3
57	briel a deo in civitate ga	Gospel Lections	Gospel of Luke	no_level3
58	si lee cui nomen nolzaretis	Gospel Lections	Gospel of Luke	no_level3
59	flor virgine despondultail	Gospel Lections	Gospel of Luke	no_level3
60	virotui nomen exult soleph	Gospel Lections	Gospel of Luke	no_level3
61	de domo oculo et nomen	Gospel Lections	Gospel of Luke	no_level3
62	scriptum est per prophetam	Gospel Lections	Gospel of Luke	no_level3
63	et tu bethleem terram nuda	Gospel Lections	Gospel of Luke	no_level3
64	nequaque a mesma es	Gospel Lections	Gospel of Luke	no_level3
65	in principibus iuda ex te	Gospel Lections	Gospel of Luke	no_level3
66	eum expient ouy qui tega	Gospel Lections	Gospel of Luke	no_level3
67	populum meum israel euc	Gospel Lections	Gospel of Luke	no_level3
68	herodes clam invocatis ma	Gospel Lections	Gospel of Luke	no_level3
69	grans diligenter discit ab	Gospel Lections	Gospel of Luke	no_level3
70	eis tempus stelle que	Gospel Lections	Gospel of Luke	no_level3
71	apparuit eius et memtens	Gospel Lections	Gospel of Luke	no_level3
72	eos in betheleein dixit ite	Gospel Lections	Gospel of Luke	no_level3
73	et interrogate diligenter	Gospel Lections	Gospel of Luke	no_level3
74	de puero et cium muene	Gospel Lections	Gospel of Luke	no_level3
75	ritis renunciate inchoz il sunt	Gospel Lections	Gospel of Luke	no_level3
76	et egoueniens adoremeu	Gospel Lections	Gospel of Luke	no_level3
77	qui cum audissent re	Gospel Lections	Gospel of Luke	no_level3
78	gem abierunt et ecce	Gospel Lections	Gospel of Luke	no_level3
79	stella quam iucerant	Gospel Lections	Gospel of Luke	no_level3
80	oriente antecedebat eos in	Gospel Lections	Gospel of Luke	no_level3
81	que duum ueniens staret	Gospel Lections	Gospel of Luke	no_level3
82	supra ubi erat puer li	Gospel Lections	Gospel of Luke	no_level3
83	dentes autem stellam	Gospel Lections	Gospel of Luke	no_level3
84	gauli sunt gaudiorinti	Gospel Lections	Gospel of Luke	no_level3
85	gnouasde et intrates suas	Gospel Lections	Gospel of Luke	no_level3
86	initium muvenerunt puerulus	Gospel Lections	Gospel of Luke	no_level3
87	cum maria matre eius et	Gospel Lections	Gospel of Luke	no_level3
88	procidentes adorauerunt	Gospel Lections	Gospel of Luke	no_level3
89	eum et apertis thesau	Gospel Lections	Gospel of Luke	no_level3
90	ris suis obtulerunt ei nu	Gospel Lections	Gospel of Luke	no_level3
91	nera aurug thus et ultra	Gospel Lections	Gospel of Luke	no_level3
92	et responso accepto in syon	Gospel Lections	Gospel of Luke	no_level3
93	nis ne redirent adherode	Gospel Lections	Gospel of Luke	no_level3
94	per aliam viam reversi	Gospel Lections	Gospel of Luke	no_level3
95	sunt in regionem suam	Gospel Lections	Gospel of Luke	no_level3
96	silo tempore	Gospel Lections	Gospel of Mark	no_level3
97	tibus ullices	Gospel Lections	Gospel of Mark	no_level3
98	discipulis apparuit illis	Gospel Lections	Gospel of Mark	no_level3
99	mahelis et exproborauit in	Gospel Lections	Gospel of Mark	no_level3
100	credulitatem illorumet	Gospel Lections	Gospel of Mark	no_level3
101	duritiam cordis quia his	Gospel Lections	Gospel of Mark	no_level3
102	qui viderant en resurre	Gospel Lections	Gospel of Mark	no_level3
103	tunc a mortuis non creoi	Gospel Lections	Gospel of Mark	no_level3
104	testant et dixit eius eliotes	Gospel Lections	Gospel of Mark	no_level3
105	in mundum universum	Gospel Lections	Gospel of Mark	no_level3
106	predicate evangelium	Gospel Lections	Gospel of Mark	no_level3
107	omni creature qui cre	Gospel Lections	Gospel of Mark	no_level3
108	deriderit et baptizatus fuerat	Gospel Lections	Gospel of Mark	no_level3
109	rit saluus erit qui uero	Gospel Lections	Gospel of Mark	no_level3
110	non crediderunt condemp	Gospel Lections	Gospel of Mark	no_level3
111	nabitur signa autem	Gospel Lections	Gospel of Mark	no_level3
112	eos qui crediderint hec le	Gospel Lections	Gospel of Mark	no_level3
113	quentur in nomine meo	Gospel Lections	Gospel of Mark	no_level3
114	demonia eius scient linguis	Gospel Lections	Gospel of Mark	no_level3
115	loquentur nous serpens	Gospel Lections	Gospel of Mark	no_level3
116	tes tollent et li morti	Gospel Lections	Gospel of Mark	no_level3
117	terum quid biberint non	Gospel Lections	Gospel of Mark	no_level3
118	eis nocebit super egros	Gospel Lections	Gospel of Mark	no_level3
119	infantibus imponent et les	Gospel Lections	Gospel of Mark	no_level3
120	dimie labia	Hours of the Cross	Matins	no_level3
121	mea aperies	Hours of the Cross	Matins	no_level3
122	os meum	Hours of the Cross	Matins	no_level3
123	annuntiabit laudem tuam	Hours of the Cross	Matins	no_level3
124	eus n abutorum	Hours of the Cross	Matins	no_level3
125	meum intende	Hours of the Cross	Matins	no_level3
126	comme ad adiuviam	Hours of the Cross	Matins	no_level3
127	oum me festina	Hours of the Cross	Matins	no_level3
128	corific patri et filio	Hours of the Cross	Matins	no_level3
129	spiritui sancto	Hours of the Cross	Matins	no_level3
130	sicut erat in princi	Hours of the Cross	Matins	no_level3
131	pio et nunc et semper et	Hours of the Cross	Matins	no_level3
132	in seculum seculorum anne	Hours of the Cross	Matins	no_level3
133	patris sapientia	Hours of the Cross	Matins	no_level3
134	ueritas divina	Hours of the Cross	Matins	no_level3
135	deus homo captus est hoc	Hours of the Cross	Matins	no_level3
136	ra meffultitia allus ou	Hours of the Cross	Matins	no_level3
137	videis venditus traditus	Hours of the Cross	Matins	no_level3
138	et afflictus adoramus	Hours of the Cross	Matins	no_level3
139	te expistet et benedicimus tibi	Hours of the Cross	Matins	no_level3
140	quia per sanctam trecem tu	Hours of the Cross	Matins	no_level3
141	am redemisti mundum	Hours of the Cross	Matins	no_level3
142	omnis terra adoret te deus	Hours of the Cross	Matins	no_level3
143	psallant tibi psalmus	Hours of the Cross	Matins	no_level3
144	dicat noi tuo bremus oro	Hours of the Cross	Matins	no_level3
145	comme ilhesuxpe	Hours of the Cross	Matins	no_level3
146	tiliscerici pone	Hours of the Cross	Matins	no_level3
147	passionem crucem tibi mee	Hours of the Cross	Matins	no_level3
148	tem tuam inter iudicium	Hours of the Cross	Matins	no_level3
149	tuum et a main mea	Hours of the Cross	Matins	no_level3
150	nunc et in hora mortis	Hours of the Cross	Matins	no_level3
151	mee et largire digneris	Hours of the Cross	Matins	no_level3
152	nivis misericordiam et gratiam	Hours of the Cross	Matins	no_level3
153	defunctis veniam et requi	Hours of the Cross	Matins	no_level3
154	eaδem ecclesie tue pacem et	Hours of the Cross	Matins	no_level3
155	concordiam et nobis peccato	Hours of the Cross	Matins	no_level3
156	ribus uitam et leticiam	Hours of the Cross	Matins	no_level3
157	sempiternam qui uvus	Hours of the Cross	Matins	no_level3
158	et regnas deus per omnia	Hours of the Cross	Matins	no_level3
159	secula seculorum amen psalmus	Hours of the Cross	Matins	no_level3
160	meus in adiutoriumyr	Hours of the Cross	Prime	no_level3
161	ora prima ductu	Hours of the Cross	Prime	no_level3
162	est ihesus adyla	Hours of the Cross	Prime	no_level3
163	tum falsis testimoniis	Hours of the Cross	Prime	no_level3
164	multum accusatu in collo	Hours of the Cross	Prime	no_level3
165	percuturt manibus liga	Hours of the Cross	Prime	no_level3
166	tuum multum dei conspu	Hours of the Cross	Prime	no_level3
167	unt lumen celi gratum	Hours of the Cross	Prime	no_level3
168	adoramus te expisté orum	Hours of the Cross	Prime	no_level3
169	comme ilheluxisse in	Hours of the Cross	Prime	no_level3
170	eius in adiutorium pro	Hours of the Cross	Prime	no_level3
171	rucifige clamitantes	Hours of the Cross	Prime	no_level3
172	hora tenciarum il	Hours of the Cross	Prime	no_level3
173	lusus miserenduntur veste pur	Hours of the Cross	Prime	no_level3
174	purarum caput eius pon	Hours of the Cross	Prime	no_level3
175	gitur corona spiritumarum et	Hours of the Cross	Prime	no_level3
176	cem portat humeris ad lo	Hours of the Cross	Prime	no_level3
177	cum poenarum cl adoramus	Hours of the Cross	Prime	no_level3
178	comme ilhum xpisté viri	Hours of the Cross	Prime	no_level3
179	eius madiutorium pro	Hours of the Cross	Sext	no_level3
180	ora sexta illis est	Hours of the Cross	Sext	no_level3
181	cruci conclavatus	Hours of the Cross	Sext	no_level3
182	et est cum latronibus psalmus	Hours of the Cross	Sext	no_level3
183	dens deputatus pre torme	Hours of the Cross	Sext	no_level3
184	tis sitiens sitiens felle satu	Hours of the Cross	Sext	no_level3
185	ratus agnus crine dilexit	Hours of the Cross	Sext	no_level3
186	sicut ludificatus adoram	Hours of the Cross	Sext	no_level3
187	comme ilhum expisté vos	Hours of the Cross	Sext	no_level3
188	meus in adiutorium	Hours of the Cross	None	no_level3
189	fora nonas dominus ex	Hours of the Cross	None	no_level3
190	inspirant delycla	Hours of the Cross	None	no_level3
191	maris aiam pati commen	Hours of the Cross	None	no_level3
192	davit latus eius lancea	Hours of the Cross	None	no_level3
193	miles perforauit terra	Hours of the Cross	None	no_level3
194	tunc tremuit et sol obscur	Hours of the Cross	None	no_level3
195	rauit adoramus operum	Hours of the Cross	None	no_level3
196	comme ilhesu expiste	Hours of the Cross	None	no_level3
197	dis mei adventorum qui	Hours of the Cross	Vespers	no_level3
198	de cruce deponentur	Hours of the Cross	Vespers	no_level3
199	hora vespertinai	Hours of the Cross	Vespers	no_level3
200	fortitudo latuit in mente	Hours of the Cross	Vespers	no_level3
201	divina talem mortem	Hours of the Cross	Vespers	no_level3
202	subitu uité medicina tu	Hours of the Cross	Vespers	no_level3
203	corona glorie jacuit superbia	Hours of the Cross	Vespers	no_level3
204	auremodoramus terre ipse oraculo	Hours of the Cross	Vespers	no_level3
205	comme ilhum xpe et cur	Hours of the Cross	Vespers	no_level3
206	converte nos deus	Hours of the Cross	Compline	no_level3
207	salutaris noster	Hours of the Cross	Compline	no_level3
208	averte iram tuam	Hours of the Cross	Compline	no_level3
209	a nobis deus in aduito	Hours of the Cross	Compline	no_level3
210	ordin complectoruy	Hours of the Cross	Compline	no_level3
211	datur sepulture	Hours of the Cross	Compline	no_level3
212	primine labia	Hours of the Holy Spirit	Matins	no_level3
213	mea aperies	Hours of the Holy Spirit	Matins	no_level3
214	de virgine mauva	Hours of the Holy Spirit	Matins	no_level3
215	expistus fuit natus	Hours of the Holy Spirit	Matins	no_level3
216	crucifixus mortuus atque	Hours of the Holy Spirit	Matins	no_level3
217	tumulatus resurgens	Hours of the Holy Spirit	Matins	no_level3
218	discipulis fuit demonstra	Hours of the Holy Spirit	Matins	no_level3
219	tus et ipsis cernentibus	Hours of the Holy Spirit	Matins	no_level3
220	celis elevatus a benissance	Hours of the Holy Spirit	Matins	no_level3
221	nonnipotens sempit	Hours of the Holy Spirit	Matins	no_level3
222	meus in adiutorium myr	Hours of the Holy Spirit	Terce	no_level3
223	tium sanctum	Hours of the Holy Spirit	Terce	no_level3
224	spiritu deus de	Hours of the Holy Spirit	Terce	no_level3
225	legauit in die sanctoppen	Hours of the Holy Spirit	Terce	no_level3
226	thecostes ipsos contrina	Hours of the Holy Spirit	Terce	no_level3
227	uit et de l anguis signeis	Hours of the Holy Spirit	Terce	no_level3
228	eos iniflamavit relin	Hours of the Holy Spirit	Terce	no_level3
229	sequere orphanos illos se	Hours of the Holy Spirit	Terce	no_level3
230	negavit aδ uſdem sancte	Hours of the Holy Spirit	Terce	no_level3
231	minipotens semper	Hours of the Holy Spirit	Terce	no_level3
232	meus in adiutorii	Hours of the Holy Spirit	Sext	no_level3
233	gratiam trunc	Hours of the Holy Spirit	Sext	no_level3
234	acceptauerunt quare	Hours of the Holy Spirit	Sext	no_level3
235	prodiouvata cuncta cogno	Hours of the Holy Spirit	Sext	no_level3
236	uenit ad diversa clima	Hours of the Holy Spirit	Sext	no_level3
237	ta mundi recensuerunt et	Hours of the Holy Spirit	Sext	no_level3
238	fidem catholicam tunc pre	Hours of the Holy Spirit	Sext	no_level3
239	dicaverunt a dem sancte	Hours of the Holy Spirit	Sext	no_level3
240	impimus sempiterne adix	Hours of the Holy Spirit	Sext	no_level3
241	eis ablut	Hours of the Holy Spirit	None	no_level3
242	pintus paraclitus	Hours of the Holy Spirit	None	no_level3
243	tuit appellatus donum	Hours of the Holy Spirit	None	no_level3
244	dei caritas tons vivificat	Hours of the Holy Spirit	None	no_level3
245	spiritalibus unctioignis	Hours of the Holy Spirit	None	no_level3
246	initiamatus teptitorum	Hours of the Holy Spirit	None	no_level3
247	gratia l arissima vocatus	Hours of the Holy Spirit	None	no_level3
248	cl deni sancte ipus quia	Hours of the Holy Spirit	None	no_level3
249	psalmus sempiterne	Hours of the Holy Spirit	None	no_level3
250	meus in adiutorium psalmus	Hours of the Holy Spirit	Vespers	no_level3
251	extre dei digitus	Hours of the Holy Spirit	Vespers	no_level3
252	virtus spiritalis	Hours of the Holy Spirit	Vespers	no_level3
253	nos defendat eruat aboi	Hours of the Holy Spirit	Vespers	no_level3
254	bus malis bot nobis non	Hours of the Holy Spirit	Vespers	no_level3
255	noceat demon internalis	Hours of the Holy Spirit	Vespers	no_level3
256	sed protegat nutriato	Hours of the Holy Spirit	Vespers	no_level3
257	ueatur sub alis am reni sancte	Hours of the Holy Spirit	Vespers	no_level3
258	misericors sempiterne conpus	Hours of the Holy Spirit	Vespers	no_level3
259	conuerte uos deus psalmus	Hours of the Holy Spirit	Compline	no_level3
260	spiritus paraclitus	Hours of the Holy Spirit	Compline	no_level3
261	vos bellare	Hours of the Holy Spirit	Compline	no_level3
262	egressus nostros regere et	Hours of the Holy Spirit	Compline	no_level3
263	illuminare ut cu deus	Hours of the Holy Spirit	Compline	no_level3
264	venerunt omnes iudicare mes	Hours of the Holy Spirit	Compline	no_level3
265	velit ad dexteram suam	Hours of the Holy Spirit	Compline	no_level3
266	appellare a veni sancte	Hours of the Holy Spirit	Compline	no_level3
267	mnipotens sempitur	Hours of the Holy Spirit	Compline	no_level3
268	as horas sa reconi	Hours of the Holy Spirit	Compline	no_level3
269	monitas menda	Hours of the Holy Spirit	Compline	no_level3
270	tu devotione cibi sancte	Hours of the Holy Spirit	Compline	no_level3
271	spiritus pertra ratione diri ut	Hours of the Holy Spirit	Compline	no_level3
272	nos visites inspiratione	Hours of the Holy Spirit	Compline	no_level3
273	dimunt labia	Hours of the Virgin	Matins	Invocation
274	mea appelles	Hours of the Virgin	Matins	Invocation
275	os meum	Hours of the Virgin	Matins	Invocation
276	annunciffabitur laudentia	Hours of the Virgin	Matins	Invocation
277	eius in adiutorum	Hours of the Virgin	Matins	Invocation
278	meum misertende	Hours of the Virgin	Matins	Invocation
279	domine adiuvau	Hours of the Virgin	Matins	Invocation
280	duum me testina	Hours of the Virgin	Matins	Invocation
281	gloria patri et tilio et	Hours of the Virgin	Matins	Invocation
282	spiritui sanctorum	Hours of the Virgin	Matins	Invocation
283	sicut erat in principio	Hours of the Virgin	Matins	Invocation
284	et nunc et semper et ni le	Hours of the Virgin	Matins	Invocation
285	cula seculorum anne alla	Hours of the Virgin	Matins	Invocation
286	que maria gratia ple	Hours of the Virgin	Matins	Invitatory
287	na dominus tecum plus	Hours of the Virgin	Matins	Invitatory
288	enite exultemus	Hours of the Virgin	Matins	Invitatory
289	domino iubilem	Hours of the Virgin	Matins	Invitatory
290	deo salutari nostro preoccupe	Hours of the Virgin	Matins	Invitatory
291	lilus faciem eius in con	Hours of the Virgin	Matins	Invitatory
292	tellione et in psalmis in	Hours of the Virgin	Matins	Invitatory
293	piscinuis eius anc maria	Hours of the Virgin	Matins	Invitatory
294	quoniam deus magna	Hours of the Virgin	Matins	Invitatory
295	dominus et rex magnus	Hours of the Virgin	Matins	Invitatory
296	super omnes deos quoniam	Hours of the Virgin	Matins	Invitatory
297	non repellet dominus plebem	Hours of the Virgin	Matins	Invitatory
298	suam quia in manu eius	Hours of the Virgin	Matins	Invitatory
299	sunt omnes fines terre	Hours of the Virgin	Matins	Invitatory
300	et altitudines montium	Hours of the Virgin	Matins	Invitatory
301	ipse conspicit dominus tecum	Hours of the Virgin	Matins	Invitatory
302	quoniam ipsius est	Hours of the Virgin	Matins	Invitatory
303	mare et ipse fecit illud et	Hours of the Virgin	Matins	Invitatory
304	filiorum tundauerunt media	Hours of the Virgin	Matins	Invitatory
305	novis eius venite adoremus	Hours of the Virgin	Matins	Invitatory
306	et procidamus ante deum	Hours of the Virgin	Matins	Invitatory
307	ploremus coram domino qui	Hours of the Virgin	Matins	Invitatory
308	fecit nos quia ipse est dominus	Hours of the Virgin	Matins	Invitatory
309	deus noster nos autem po	Hours of the Virgin	Matins	Invitatory
310	populus eius et oues pas	Hours of the Virgin	Matins	Invitatory
311	tue eius aue maria	Hours of the Virgin	Matins	Invitatory
312	hodie si uocem eius au	Hours of the Virgin	Matins	Invitatory
313	dieritis nolite obdurare	Hours of the Virgin	Matins	Invitatory
314	corda uestra sicut exacer	Hours of the Virgin	Matins	Invitatory
315	bacione secundum diem ten	Hours of the Virgin	Matins	Invitatory
316	tationis in deserto vbi temp	Hours of the Virgin	Matins	Invitatory
317	temptauerunt me patres viri	Hours of the Virgin	Matins	Invitatory
318	patres uestri probauerunt	Hours of the Virgin	Matins	Invitatory
319	et viderunt opera mea quid	Hours of the Virgin	Matins	Invitatory
320	quadraginta annis pro	Hours of the Virgin	Matins	Invitatory
321	ruinus fui generationi	Hours of the Virgin	Matins	Invitatory
322	huic et dixi semper hii er	Hours of the Virgin	Matins	Invitatory
323	rant corde ipsi veronon	Hours of the Virgin	Matins	Invitatory
324	cognouerunt uias meas	Hours of the Virgin	Matins	Invitatory
325	quibus iuraui in ira mea	Hours of the Virgin	Matins	Invitatory
326	si introibit in requies	Hours of the Virgin	Matins	Invitatory
327	mea alve maria gratia psalmus o	Hours of the Virgin	Matins	Invitatory
328	gloria patri et tilio et	Hours of the Virgin	Matins	Invitatory
329	spiritu sancto sicut et	Hours of the Virgin	Matins	Invitatory
330	rat in principio et nunc	Hours of the Virgin	Matins	Invitatory
331	et semper et non lectula lectus	Hours of the Virgin	Matins	Invitatory
332	lorum amen dominus tecum	Hours of the Virgin	Matins	Invitatory
333	alue maria gra pleas domin us et	Hours of the Virgin	Matins	Invitatory
334	gloriatisa lucey	Hours of the Virgin	Matins	Hymn
335	coruscas stirpis da	Hours of the Virgin	Matins	Hymn
336	nitice regia proles sub	Hours of the Virgin	Matins	Hymn
337	sumus residens virgo ma	Hours of the Virgin	Matins	Hymn
338	ria supra celigenas ethe	Hours of the Virgin	Matins	Hymn
339	ris omnis	Hours of the Virgin	Matins	Hymn
340	qu cum virgineo mater	Hours of the Virgin	Matins	Hymn
341	honore angelorum dominopecto	Hours of the Virgin	Matins	Hymn
342	ris aulam sacris visceri	Hours of the Virgin	Matins	Hymn
343	bus casta parasti natus	Hours of the Virgin	Matins	Hymn
344	hic deus est corpore repus	Hours of the Virgin	Matins	Hymn
345	quem cunctus vene	Hours of the Virgin	Matins	Hymn
346	rans orbis adorati tui nunc	Hours of the Virgin	Matins	Hymn
347	rite genu flectitur omne	Hours of the Virgin	Matins	Hymn
348	a quo nos petimus te ne	Hours of the Virgin	Matins	Hymn
349	niente abiectis tenebris	Hours of the Virgin	Matins	Hymn
350	gaudia lucis	Hours of the Virgin	Matins	Hymn
351	largire pater liis	Hours of the Virgin	Matins	Hymn
352	omnis natum per propu	Hours of the Virgin	Matins	Hymn
353	flammine sacro qui tectum	Hours of the Virgin	Matins	Hymn
354	nitida vint in ethera re	Hours of the Virgin	Matins	Hymn
355	grans ac moderans secum	Hours of the Virgin	Matins	Hymn
356	la cuncta amen anti	Hours of the Virgin	Matins	Hymn
357	benedictatu psalmus	Hours of the Virgin	Matins	Psalms
358	domine deus noster	Hours of the Virgin	Matins	Psalms
359	admirabile est nomen	Hours of the Virgin	Matins	Psalms
360	tuum in universa terra	Hours of the Virgin	Matins	Psalms
361	quoniam elevata est	Hours of the Virgin	Matins	Psalms
362	misericordiagnificentia tua super	Hours of the Virgin	Matins	Psalms
363	core infantium et lac	Hours of the Virgin	Matins	Psalms
364	tentium perfecisti laudem propter	Hours of the Virgin	Matins	Psalms
365	qui habitant in eo	Hours of the Virgin	Matins	Psalms
366	quia ipse superbia	Hours of the Virgin	Matins	Psalms
367	ria fundauit eum super	Hours of the Virgin	Matins	Psalms
368	flumina preperauit eum	Hours of the Virgin	Matins	Psalms
369	quis ascendet immo	Hours of the Virgin	Matins	Psalms
370	tem domini aut quis stabit	Hours of the Virgin	Matins	Psalms
371	ni loco sancto eius	Hours of the Virgin	Matins	Psalms
372	nunocens manibus	Hours of the Virgin	Matins	Psalms
373	et misericorsundo corde qui non	Hours of the Virgin	Matins	Psalms
374	accepit in vano animam	Hours of the Virgin	Matins	Psalms
375	suam nec iuravit	Hours of the Virgin	Matins	Psalms
376	dolo proximo suo	Hours of the Virgin	Matins	Psalms
377	ſicut accipient benedic	Hours of the Virgin	Matins	Psalms
378	tionem mea domino et miser	Hours of the Virgin	Matins	Psalms
379	cordiant a deo salutatio	Hours of the Virgin	Matins	Psalms
380	c est generacione quare	Hours of the Virgin	Matins	Psalms
381	tuv eis querentur	Hours of the Virgin	Matins	Psalms
382	faciem dei iacob	Hours of the Virgin	Matins	Psalms
383	tollite portas patrum	Hours of the Virgin	Matins	Psalms
384	recipes vestras et elevam	Hours of the Virgin	Matins	Psalms
385	porte eternales et introi	Hours of the Virgin	Matins	Psalms
386	bit rex glorie	Hours of the Virgin	Matins	Psalms
387	eius est iste rex glorie	Hours of the Virgin	Matins	Psalms
388	dominus tortis et potens domine	Hours of the Virgin	Matins	Psalms
389	potens num prelior	Hours of the Virgin	Matins	Psalms
390	tollite portas patrum	Hours of the Virgin	Matins	Psalms
391	tipes vestras et levanum	Hours of the Virgin	Matins	Psalms
392	porte eternales et introi	Hours of the Virgin	Matins	Psalms
393	bit dex glorie	Hours of the Virgin	Matins	Psalms
394	quis est iste rex glorie	Hours of the Virgin	Matins	Psalms
395	benedicta tu in mulieribus et	Hours of the Virgin	Matins	Psalms
396	benedictus fructus ventris	Hours of the Virgin	Matins	Psalms
397	tui quia que celi capere non	Hours of the Virgin	Matins	Psalms
398	poterant tuo gremo contuli	Hours of the Virgin	Matins	Psalms
399	sti jube dompune benedice	Hours of the Virgin	Matins	Psalms
400	bret uoce pia pro nobis ugo	Hours of the Virgin	Matins	Psalms
401	maria amen le ii	Hours of the Virgin	Matins	Psalms
402	excos cordium oculos	Hours of the Virgin	Matins	Psalms
403	terge atque semitas uisti	Hours of the Virgin	Matins	Psalms
404	cie nobis ostende orabo	Hours of the Virgin	Matins	Psalms
405	pro nobis viciam sustrahel	Hours of the Virgin	Matins	Psalms
406	atque sancta plaudentarioli	Hours of the Virgin	Matins	Psalms
407	virtutum nobis insere lim	Hours of the Virgin	Matins	Psalms
408	petra curv quolupit	Hours of the Virgin	Matins	Psalms
409	consequamur bravi	Hours of the Virgin	Matins	Psalms
410	tu autem domine misere	Hours of the Virgin	Matins	Psalms
411	nostri deogratias	Hours of the Virgin	Matins	Psalms
412	beata es virgo maria	Hours of the Virgin	Matins	Psalms
413	que dominum portasti trecatores	Hours of the Virgin	Matins	Psalms
414	mundi genuvisti qui te te	Hours of the Virgin	Matins	Psalms
415	tit et in eternum permanes	Hours of the Virgin	Matins	Psalms
416	virgo domin us aue maria gratia	Hours of the Virgin	Matins	Psalms
417	plena dominus tecum quodemisti	Hours of the Virgin	Matins	Psalms
418	jube do autare dei genui	Hours of the Virgin	Matins	Psalms
419	trec sit nobis auxiliati a	Hours of the Virgin	Matins	Psalms
420	sacratissima in	Hours of the Virgin	Matins	Psalms
421	virgo maria nos	Hours of the Virgin	Matins	Psalms
422	qui hoc credimus quod virgo	Hours of the Virgin	Matins	Psalms
423	et mater dei sis credendo	Hours of the Virgin	Matins	Psalms
424	sentiamus quod pronobis	Hours of the Virgin	Matins	Psalms
425	decimam depreceris et iuxta	Hours of the Virgin	Matins	Psalms
426	petentium uota impetrata	Hours of the Virgin	Matins	Psalms
427	assequaris ut qui conti	Hours of the Virgin	Matins	Psalms
428	tenur te peperille deu et	Hours of the Virgin	Matins	Psalms
429	homine gaudeamus per	Hours of the Virgin	Matins	Psalms
430	te nobis adventable lalum	Hours of the Virgin	Matins	Psalms
431	tenui tu autem domine ille	Hours of the Virgin	Matins	Psalms
432	re nostri deogratias r	Hours of the Virgin	Matins	Psalms
433	elux namque es sacra vir	Hours of the Virgin	Matins	Psalms
434	maria et omnia laude di	Hours of the Virgin	Matins	Psalms
435	dignissima quia ex te ortus	Hours of the Virgin	Matins	Psalms
436	est sol iusticie christus deus	Hours of the Virgin	Matins	Psalms
437	nosterabitur pra pro populo	Hours of the Virgin	Matins	Psalms
438	interveni prociero intercede	Hours of the Virgin	Matins	Psalms
439	psalmus devoto temuneo sexu	Hours of the Virgin	Matins	Psalms
440	tiant omnes tuum levamen	Hours of the Virgin	Matins	Psalms
441	quicumque celebrant tuam	Hours of the Virgin	Matins	Psalms
442	commemoratione auia ex	Hours of the Virgin	Matins	Psalms
443	te ortus et gloria patrum et	Hours of the Virgin	Matins	Psalms
444	filio et spiritu sancto chri	Hours of the Virgin	Matins	Psalms
445	sanctus deus noster psalmus	Hours of the Virgin	Matins	Psalms
446	deum laudam	Hours of the Virgin	Matins	Canticle
447	te dominum confitemur	Hours of the Virgin	Matins	Canticle
448	eternum patrem omnis	Hours of the Virgin	Matins	Canticle
449	terra veneratur	Hours of the Virgin	Matins	Canticle
450	bi omnes angeli tibi	Hours of the Virgin	Matins	Canticle
451	ceur et univerie potestates	Hours of the Virgin	Matins	Canticle
452	tibi cherubin et lera	Hours of the Virgin	Matins	Canticle
453	phini incessabili uoce pro	Hours of the Virgin	Matins	Canticle
454	douvoir ou	Hours of the Virgin	Matins	Canticle
455	benedicite sol et luna	Hours of the Virgin	Matins	Canticle
456	domino benedicite stelle celi	Hours of the Virgin	Matins	Canticle
457	benediciteymber et	Hours of the Virgin	Matins	Canticle
458	ros domino benedicite omnis	Hours of the Virgin	Matins	Canticle
459	spiritus dei domino	Hours of the Virgin	Matins	Canticle
460	benedicite ignis et	Hours of the Virgin	Matins	Canticle
461	eltus domino benedicite	Hours of the Virgin	Matins	Canticle
462	frigiis et estas domino	Hours of the Virgin	Matins	Canticle
463	benedicite rores et patrui	Hours of the Virgin	Matins	Canticle
464	nam domino benedicite gelil et	Hours of the Virgin	Matins	Canticle
465	frigus domino	Hours of the Virgin	Matins	Canticle
466	benedicite glacies et	Hours of the Virgin	Matins	Canticle
467	nives domino bened noctes	Hours of the Virgin	Matins	Canticle
468	et dies domino	Hours of the Virgin	Matins	Canticle
469	benedicite lux et tene	Hours of the Virgin	Matins	Canticle
470	bre domino bened fulgura	Hours of the Virgin	Matins	Canticle
471	et novides domino	Hours of the Virgin	Matins	Canticle
472	benedicat terra dominum	Hours of the Virgin	Matins	Canticle
473	laudet et super exaltet et	Hours of the Virgin	Matins	Canticle
474	in secula	Hours of the Virgin	Matins	Canticle
475	benedicite montes et	Hours of the Virgin	Matins	Canticle
476	tolles domino benedicite unus	Hours of the Virgin	Matins	Canticle
477	versa geruvantiam in	Hours of the Virgin	Matins	Canticle
478	terra domino	Hours of the Virgin	Matins	Canticle
479	benedicite fontes do	Hours of the Virgin	Matins	Canticle
480	nuno benedicinaria et	Hours of the Virgin	Matins	Canticle
481	tunc a ouvorum	Hours of the Virgin	Matins	Canticle
482	benedicite cete et omnia	Hours of the Virgin	Matins	Canticle
483	que moventur in aquis	Hours of the Virgin	Matins	Canticle
484	ono benedicite omnes	Hours of the Virgin	Matins	Canticle
485	volucres celi domino	Hours of the Virgin	Matins	Canticle
486	benedicite omnes be	Hours of the Virgin	Matins	Canticle
487	stie et pectora benedum	Hours of the Virgin	Matins	Canticle
488	filii hominum domino	Hours of the Virgin	Matins	Canticle
489	benedicat israel domini	Hours of the Virgin	Matins	Canticle
490	laudet et super exaltet eum	Hours of the Virgin	Matins	Canticle
491	in secula	Hours of the Virgin	Matins	Canticle
492	benedicite sacerdotes	Hours of the Virgin	Matins	Canticle
493	domini domino benedicite serui	Hours of the Virgin	Matins	Canticle
494	benedicite spiritus et	Hours of the Virgin	Matins	Canticle
495	anime iustorum domino	Hours of the Virgin	Matins	Canticle
496	benedicite sancti et humum	Hours of the Virgin	Matins	Canticle
497	les corde domino	Hours of the Virgin	Matins	Canticle
498	benedicite anania a	Hours of the Virgin	Matins	Canticle
499	maria misael domino laud et	Hours of the Virgin	Matins	Canticle
500	super exaltate eum in leticia	Hours of the Virgin	Matins	Canticle
501	benedicamus patre	Hours of the Virgin	Matins	Canticle
502	et filium cum sancto spiritu	Hours of the Virgin	Matins	Canticle
503	laudemus et superexalte	Hours of the Virgin	Matins	Canticle
504	mus eorum in secula	Hours of the Virgin	Matins	Canticle
505	benedictus es domine	Hours of the Virgin	Matins	Canticle
506	in firmamentocell laud	Hours of the Virgin	Matins	Canticle
507	dabilis et gloriosus et su	Hours of the Virgin	Matins	Canticle
508	per exaltatus in secula	Hours of the Virgin	Matins	Canticle
509	laudate psalmus	Hours of the Virgin	Matins	Canticle
510	dominum de celis	Hours of the Virgin	Matins	Canticle
511	laudate eum in excelsis	Hours of the Virgin	Matins	Canticle
512	deus in nomini tuo	Hours of the Virgin	Matins	Canticle
513	saluum me fac et in	Hours of the Virgin	Matins	Canticle
514	virtute tua iudica me	Hours of the Virgin	Matins	Canticle
515	eius exaudi orationem	Hours of the Virgin	Matins	Canticle
516	meam auribus percipes	Hours of the Virgin	Matins	Canticle
517	ba oris mei	Hours of the Virgin	Matins	Canticle
518	quoniam alieni insurrexerunt	Hours of the Virgin	Matins	Canticle
519	adversum me et tortes que lie	Hours of the Virgin	Matins	Canticle
520	runt animam meam et non	Hours of the Virgin	Matins	Canticle
521	proposuerunt deum ante	Hours of the Virgin	Matins	Canticle
522	conspectum suum	Hours of the Virgin	Matins	Canticle
523	ce enim deus adiuvant	Hours of the Virgin	Matins	Canticle
524	nie et dominus susceptor est	Hours of the Virgin	Matins	Canticle
525	anime mee averte ma	Hours of the Virgin	Matins	Canticle
526	la inimicis meis et in ueritate	Hours of the Virgin	Matins	Canticle
527	tua disperdet illos	Hours of the Virgin	Matins	Canticle
528	voluntarie satritica	Hours of the Virgin	Matins	Canticle
529	bo tibi et confitebor nomini	Hours of the Virgin	Matins	Canticle
530	tuo domine quoniam bonum est	Hours of the Virgin	Matins	Canticle
531	quoniam ex omnia tri	Hours of the Virgin	Matins	Canticle
532	bulatione eripuisti me	Hours of the Virgin	Matins	Canticle
533	et super inimicos meos deliritus	Hours of the Virgin	Matins	Canticle
534	xit oculus meus	Hours of the Virgin	Matins	Canticle
535	loria patribus psalmus	Hours of the Virgin	Matins	Canticle
536	laudate dominum omnes	Hours of the Virgin	Matins	Canticle
537	gentes laudate	Hours of the Virgin	Matins	Canticle
538	eum omnes populi	Hours of the Virgin	Matins	Canticle
539	monia confirmata	Hours of the Virgin	Matins	Canticle
540	eit ilper nos misericordia	Hours of the Virgin	Matins	Canticle
541	eius et veritas domini manent	Hours of the Virgin	Matins	Canticle
542	cula non est in te caphum	Hours of the Virgin	Matins	Canticle
543	paradisi porta per	Hours of the Virgin	Matins	Short lesson
544	hevam cunctis	Hours of the Virgin	Matins	Short lesson
545	clausa est et per maria	Hours of the Virgin	Matins	Short lesson
546	virgine iterum patetas	Hours of the Virgin	Matins	Short lesson
547	ta est deo gras r spe	Hours of the Virgin	Matins	Short lesson
548	cie tua et pulcritudine tua	Hours of the Virgin	Matins	Short lesson
549	intende prospere procede	Hours of the Virgin	Matins	Short lesson
550	et regna et pulcritudiet	Hours of the Virgin	Matins	Short lesson
551	gloria pris et filio et spiritus	Hours of the Virgin	Matins	Short lesson
552	specie tua et pulcritudo	Hours of the Virgin	Matins	Short lesson
553	adiuvabit eam deus vultu	Hours of the Virgin	Matins	Short lesson
554	suo horum deus in medio eius	Hours of the Virgin	Matins	Short lesson
555	non commouebitur tu	Hours of the Virgin	Matins	Preces
556	exaudi et clamor re	Hours of the Virgin	Matins	Orationes
557	corrige nobis	Hours of the Virgin	Matins	Orationes
558	deus dexteram	Hours of the Virgin	Matins	Orationes
559	tuam et per intercellicens	Hours of the Virgin	Matins	Orationes
560	beate et gloriose semper	Hours of the Virgin	Matins	Orationes
561	que virginis de genitis	Hours of the Virgin	Matins	Orationes
562	sis marie auxilium et non	Hours of the Virgin	Matins	Orationes
563	bis superne virtutis	Hours of the Virgin	Matins	Orationes
564	impende peunde ritum	Hours of the Virgin	Matins	Orationes
565	domino a senedicamus	Hours of the Virgin	Matins	Orationes
566	domino deo gentes fidelium anima	Hours of the Virgin	Matins	Orationes
567	permisericordiam dei sicut facie sexte	Hours of the Virgin	Matins	Orationes
568	eus in ad	Hours of the Virgin	Sext	Invocation
569	meum in	Hours of the Virgin	Sext	Invocation
570	domine ne in	Penitential Psalms and Litany	Penitential Psalms	no_level3
571	furore tudar	Penitential Psalms and Litany	Penitential Psalms	no_level3
572	dignas me neque	Penitential Psalms and Litany	Penitential Psalms	no_level3
573	quoniam placuerunt	Penitential Psalms and Litany	Penitential Psalms	no_level3
574	seruis tuis lapides eius	Penitential Psalms and Litany	Penitential Psalms	no_level3
575	et terre eius miserebunt	Penitential Psalms and Litany	Penitential Psalms	no_level3
576	timebunt gentes	Penitential Psalms and Litany	Penitential Psalms	no_level3
577	nomen tuum domine et omnes	Penitential Psalms and Litany	Penitential Psalms	no_level3
578	reges terre gloriam tuam	Penitential Psalms and Litany	Penitential Psalms	no_level3
579	filia edificauit dominus	Penitential Psalms and Litany	Penitential Psalms	no_level3
580	syon et uidebitur in gloria	Penitential Psalms and Litany	Penitential Psalms	no_level3
581	ria sua	Penitential Psalms and Litany	Penitential Psalms	no_level3
582	espexit in oracionem	Penitential Psalms and Litany	Penitential Psalms	no_level3
583	humilium et non spreuit	Penitential Psalms and Litany	Penitential Psalms	no_level3
584	precem eorum	Penitential Psalms and Litany	Penitential Psalms	no_level3
585	cribantur hec in generatio	Penitential Psalms and Litany	Penitential Psalms	no_level3
586	neratione altera et psalmus	Penitential Psalms and Litany	Penitential Psalms	no_level3
587	populus qui creabitur	Penitential Psalms and Litany	Penitential Psalms	no_level3
588	laudabit dominum	Penitential Psalms and Litany	Penitential Psalms	no_level3
589	quia prospexit de exc	Penitential Psalms and Litany	Penitential Psalms	no_level3
590	celso sancto suo dominus de	Penitential Psalms and Litany	Penitential Psalms	no_level3
591	celo in terram aspexit	Penitential Psalms and Litany	Penitential Psalms	no_level3
592	audiret gemitus	Penitential Psalms and Litany	Penitential Psalms	no_level3
593	conpeditorum ut solueret	Penitential Psalms and Litany	Penitential Psalms	no_level3
594	filios interemptorum	Penitential Psalms and Litany	Penitential Psalms	no_level3
595	annuntient in	Penitential Psalms and Litany	Penitential Psalms	no_level3
596	syon nomen domini et laud	Penitential Psalms and Litany	Penitential Psalms	no_level3
597	dem eius in ierusalem	Penitential Psalms and Litany	Penitential Psalms	no_level3
598	si couveniendo po	Penitential Psalms and Litany	Penitential Psalms	no_level3
599	populos in unum et reges	Penitential Psalms and Litany	Penitential Psalms	no_level3
600	tot lexulant ou	Penitential Psalms and Litany	Penitential Psalms	no_level3
601	expondit ei in uia	Penitential Psalms and Litany	Penitential Psalms	no_level3
602	virtutis sue paucita	Penitential Psalms and Litany	Penitential Psalms	no_level3
603	cel columba qorum	Penitential Psalms and Litany	Penitential Psalms	no_level3
604	ta maircul eorum	Penitential Psalms and Litany	Penitential Psalms	no_level3
605	cale barbuxuram orum	Penitential Psalms and Litany	Penitential Psalms	no_level3
606	sancta tiones eorum	Penitential Psalms and Litany	Penitential Psalms	no_level3
607	clautelipes eorum	Penitential Psalms and Litany	Penitential Psalms	no_level3
608	cel taratas	Penitential Psalms and Litany	Penitential Psalms	no_level3
609	misce pourgiesorum	Penitential Psalms and Litany	Penitential Psalms	no_level3
610	leurs avoir et cre bellorum	Penitential Psalms and Litany	Penitential Psalms	no_level3
611	roypicus esto par	Penitential Psalms and Litany	Penitential Psalms	no_level3
612	b domini malo	Penitential Psalms and Litany	Penitential Psalms	no_level3
613	bella ouis	Penitential Psalms and Litany	Penitential Psalms	no_level3
614	bisidiis diaboli et	Penitential Psalms and Litany	Penitential Psalms	no_level3
615	delibulatione perpetua	Penitential Psalms and Litany	Penitential Psalms	no_level3
616	nostra et omniaio et di	Penitential Psalms and Litany	Penitential Psalms	no_level3
617	mala voluntatem	Penitential Psalms and Litany	Penitential Psalms	no_level3
618	subitanea et ipse	Penitential Psalms and Litany	Penitential Psalms	no_level3
619	laud morte	Penitential Psalms and Litany	Penitential Psalms	no_level3
620	adulterum lacte	Penitential Psalms and Litany	Penitential Psalms	no_level3
621	incarnationis tue	Penitential Psalms and Litany	Penitential Psalms	no_level3
622	et nativitatem	Penitential Psalms and Litany	Penitential Psalms	no_level3
623	er apparitionem	Penitential Psalms and Litany	Penitential Psalms	no_level3
624	ser ieiunium tuum	Penitential Psalms and Litany	Penitential Psalms	no_level3
625	er passionem terre	Penitential Psalms and Litany	Penitential Psalms	no_level3
626	celi et mortem tuam	Penitential Psalms and Litany	Penitential Psalms	no_level3
627	gloriosa resur	Penitential Psalms and Litany	Penitential Psalms	no_level3
628	rectionem tuam in	Penitential Psalms and Litany	Penitential Psalms	no_level3
629	er admirabilem	Penitential Psalms and Litany	Penitential Psalms	no_level3
630	pedem tuum neque dormittet	Penitential Psalms and Litany	Penitential Psalms	no_level3
631	lucristodit te	Penitential Psalms and Litany	Penitential Psalms	no_level3
632	ce non dormitabit	Penitential Psalms and Litany	Penitential Psalms	no_level3
633	neque dormient qui custo	Penitential Psalms and Litany	Penitential Psalms	no_level3
634	sapit israelo	Penitential Psalms and Litany	Penitential Psalms	no_level3
635	dominus custodite	Penitential Psalms and Litany	Penitential Psalms	no_level3
636	dus protectione tua super	Penitential Psalms and Litany	Penitential Psalms	no_level3
637	manu dexteram tuam	Penitential Psalms and Litany	Penitential Psalms	no_level3
638	er diem sol norent	Penitential Psalms and Litany	Penitential Psalms	no_level3
639	te neque luna per noctem	Penitential Psalms and Litany	Penitential Psalms	no_level3
640	suis cultort te ab	Penitential Psalms and Litany	Penitential Psalms	no_level3
641	omni inclocultodiat	Penitential Psalms and Litany	Penitential Psalms	no_level3
642	animalia tua domine	Penitential Psalms and Litany	Penitential Psalms	no_level3
643	custodiat introi	Penitential Psalms and Litany	Penitential Psalms	no_level3
644	tum tuum et exitu tui ex	Penitential Psalms and Litany	Penitential Psalms	no_level3
645	hoc nunc et usque in seculum	Penitential Psalms and Litany	Penitential Psalms	no_level3
646	equiem eterna a	Penitential Psalms and Litany	Penitential Psalms	no_level3
647	dominus custodit te ab omni	Penitential Psalms and Litany	Penitential Psalms	no_level3
648	malo custodiat animam tuam	Penitential Psalms and Litany	Penitential Psalms	no_level3
649	dominus aδ s iniquitates	Penitential Psalms and Litany	Penitential Psalms	no_level3
650	profundis psalmus	Penitential Psalms and Litany	Penitential Psalms	no_level3
651	clamav ad te	Penitential Psalms and Litany	Penitential Psalms	no_level3
652	domine domine exaudi vocem	Penitential Psalms and Litany	Penitential Psalms	no_level3
653	cant aures tue inter	Penitential Psalms and Litany	Penitential Psalms	no_level3
654	dentes in vocem depreta	Penitential Psalms and Litany	Penitential Psalms	no_level3
655	tionis mee	Penitential Psalms and Litany	Penitential Psalms	no_level3
656	iniquitates obser	Penitential Psalms and Litany	Penitential Psalms	no_level3
657	suaveris domine dominicordia	Penitential Psalms and Litany	Penitential Psalms	no_level3
658	aquis sustinebit	Penitential Psalms and Litany	Penitential Psalms	no_level3
659	n a apud te propi	Penitential Psalms and Litany	Penitential Psalms	no_level3
660	solatioest et propter le	Penitential Psalms and Litany	Penitential Psalms	no_level3
661	gem tuam sustinute	Penitential Psalms and Litany	Penitential Psalms	no_level3
662	ultinuit anima mea	Penitential Psalms and Litany	Penitential Psalms	no_level3
663	ni verbo eius speravit	Penitential Psalms and Litany	Penitential Psalms	no_level3
664	anima mea in domino	Penitential Psalms and Litany	Penitential Psalms	no_level3
665	custodia matutia	Penitential Psalms and Litany	Penitential Psalms	no_level3
666	usque adductem speret il	Penitential Psalms and Litany	Penitential Psalms	no_level3
667	replet in bonorum	Penitential Psalms and Litany	Penitential Psalms	no_level3
668	uia apudum meum	Penitential Psalms and Litany	Penitential Psalms	no_level3
669	misericordia et topiosael a	Penitential Psalms and Litany	Penitential Psalms	no_level3
670	pud eum redemptio	Penitential Psalms and Litany	Penitential Psalms	no_level3
671	et ipse redimet	Penitential Psalms and Litany	Penitential Psalms	no_level3
672	ex omnibus iniquitatibus	Penitential Psalms and Litany	Penitential Psalms	no_level3
673	equiem eternam a	Penitential Psalms and Litany	Penitential Psalms	no_level3
674	s iniquitates observa	Penitential Psalms and Litany	Penitential Psalms	no_level3
675	ueris domine domine quis	Penitential Psalms and Litany	Penitential Psalms	no_level3
676	sustinebit a spera psalmus	Penitential Psalms and Litany	Penitential Psalms	no_level3
677	ontitebor tibi domine	Penitential Psalms and Litany	Penitential Psalms	no_level3
678	in toto corde meo	Penitential Psalms and Litany	Penitential Psalms	no_level3
679	libani audisti verba oris meis	Penitential Psalms and Litany	Penitential Psalms	no_level3
680	in conspectu angelorum	Penitential Psalms and Litany	Penitential Psalms	no_level3
681	psallam tibi adorabo ad	Penitential Psalms and Litany	Penitential Psalms	no_level3
682	templum sanctum tuum et	Penitential Psalms and Litany	Penitential Psalms	no_level3
683	titeor nomini tuo	Penitential Psalms and Litany	Penitential Psalms	no_level3
684	super misericordia	Penitential Psalms and Litany	Penitential Psalms	no_level3
685	tuam et ueritate tua quoniam	Penitential Psalms and Litany	Penitential Psalms	no_level3
686	magnificasti super omne	Penitential Psalms and Litany	Penitential Psalms	no_level3
687	infirmus sum sana me	Penitential Psalms and Litany	Penitential Psalms	no_level3
688	domine qui coturbata	Penitential Psalms and Litany	Penitential Psalms	no_level3
689	sunt ossa mea	Penitential Psalms and Litany	Penitential Psalms	no_level3
690	ut auna ned terra	Penitential Psalms and Litany	Penitential Psalms	no_level3
691	tel est gaude leotu blé de	Penitential Psalms and Litany	Penitential Psalms	no_level3
692	ouvertere domine	Penitential Psalms and Litany	Penitential Psalms	no_level3
693	et eripe animam meam sal	Penitential Psalms and Litany	Penitential Psalms	no_level3
694	vini me tac propter mille	Penitential Psalms and Litany	Penitential Psalms	no_level3
695	recordiam tuam	Penitential Psalms and Litany	Penitential Psalms	no_level3
696	quoniam non est in	Penitential Psalms and Litany	Penitential Psalms	no_level3
697	morte qui memor sicut	Penitential Psalms and Litany	Penitential Psalms	no_level3
698	tui in iræterno autem	Penitential Psalms and Litany	Penitential Psalms	no_level3
699	quis confitebitur tibi	Penitential Psalms and Litany	Penitential Psalms	no_level3
700	adorau in gentibus	Penitential Psalms and Litany	Penitential Psalms	no_level3
701	meo lavabo par singulas	Penitential Psalms and Litany	Penitential Psalms	no_level3
702	noctes lectu meum latris	Penitential Psalms and Litany	Penitential Psalms	no_level3
703	meis stratum meum rigabo	Penitential Psalms and Litany	Penitential Psalms	no_level3
704	turbatus est a furore	Penitential Psalms and Litany	Penitential Psalms	no_level3
705	oculus meus inveteravi	Penitential Psalms and Litany	Penitential Psalms	no_level3
706	inter omnis inimicos meos	Penitential Psalms and Litany	Penitential Psalms	no_level3
707	discedite a me omnisque	Penitential Psalms and Litany	Penitential Psalms	no_level3
708	operamini iniquitatem	Penitential Psalms and Litany	Penitential Psalms	no_level3
709	quoniam exaudivit dominus voce	Penitential Psalms and Litany	Penitential Psalms	no_level3
710	fletus mei	Penitential Psalms and Litany	Penitential Psalms	no_level3
711	exaudivit dominus depre	Penitential Psalms and Litany	Penitential Psalms	no_level3
712	cationem meam dominus oratio	Penitential Psalms and Litany	Penitential Psalms	no_level3
713	nem mea suscepit	Penitential Psalms and Litany	Penitential Psalms	no_level3
714	rubescant et cotur	Penitential Psalms and Litany	Penitential Psalms	no_level3
715	bentur vehementer omnes	Penitential Psalms and Litany	Penitential Psalms	no_level3
716	inimici mei convertentur	Penitential Psalms and Litany	Penitential Psalms	no_level3
717	et erubescant valde velocit	Penitential Psalms and Litany	Penitential Psalms	no_level3
718	equiem eternam anti	Penitential Psalms and Litany	Penitential Psalms	no_level3
719	convertere domine et eripe	Penitential Psalms and Litany	Penitential Psalms	no_level3
720	animam meam quoniam non est	Penitential Psalms and Litany	Penitential Psalms	no_level3
721	in morte qui memor sicut	Penitential Psalms and Litany	Penitential Psalms	no_level3
722	tui auvina psalmus	Penitential Psalms and Litany	Penitential Psalms	no_level3
723	usquequo domine	Penitential Psalms and Litany	Penitential Psalms	no_level3
724	obliviscens me	Penitential Psalms and Litany	Penitential Psalms	no_level3
725	in finem usquequod	Penitential Psalms and Litany	Penitential Psalms	no_level3
726	vertis faciem tuam a me	Penitential Psalms and Litany	Penitential Psalms	no_level3
727	mandui ponam co	Penitential Psalms and Litany	Penitential Psalms	no_level3
728	silia in anima mea dolore	Penitential Psalms and Litany	Penitential Psalms	no_level3
729	in corde meo per diem	Penitential Psalms and Litany	Penitential Psalms	no_level3
730	quoquequo exaltabitur	Penitential Psalms and Litany	Penitential Psalms	no_level3
731	unicus meus super me	Penitential Psalms and Litany	Penitential Psalms	no_level3
732	respice et exaudi meo	Penitential Psalms and Litany	Penitential Psalms	no_level3
733	deus meus	Penitential Psalms and Litany	Penitential Psalms	no_level3
734	illuvia oculos meos	Penitential Psalms and Litany	Penitential Psalms	no_level3
735	neucy obdormunam in	Penitential Psalms and Litany	Penitential Psalms	no_level3
736	morte nequadicat	Penitential Psalms and Litany	Penitential Psalms	no_level3
737	nuncus meus prevalui	Penitential Psalms and Litany	Penitential Psalms	no_level3
738	adversus eum	Penitential Psalms and Litany	Penitential Psalms	no_level3
739	qui tribulant me	Penitential Psalms and Litany	Penitential Psalms	no_level3
740	exultabunt suvot tue	Penitential Psalms and Litany	Penitential Psalms	no_level3
741	ro ego autem in mise	Penitential Psalms and Litany	Penitential Psalms	no_level3
742	misericordia tua speravi	Penitential Psalms and Litany	Penitential Psalms	no_level3
743	exultabit cor meum	Penitential Psalms and Litany	Penitential Psalms	no_level3
744	mund qui concl tribut	Penitential Psalms and Litany	Penitential Psalms	no_level3
745	mei multiplicate sunt	Penitential Psalms and Litany	Penitential Psalms	no_level3
746	de necessitatibus meis	Penitential Psalms and Litany	Penitential Psalms	no_level3
747	erue me	Penitential Psalms and Litany	Penitential Psalms	no_level3
748	de humilitatem meam et	Penitential Psalms and Litany	Penitential Psalms	no_level3
749	laborem meum et dimitte	Penitential Psalms and Litany	Penitential Psalms	no_level3
750	universa delicta mea	Penitential Psalms and Litany	Penitential Psalms	no_level3
751	respice inimicos meos	Penitential Psalms and Litany	Penitential Psalms	no_level3
752	quoniam multiplicati sunt	Penitential Psalms and Litany	Penitential Psalms	no_level3
753	et odio iniquo oderunt me	Penitential Psalms and Litany	Penitential Psalms	no_level3
754	custodit animam meam	Penitential Psalms and Litany	Penitential Psalms	no_level3
755	et erue me non erubescam	Penitential Psalms and Litany	Penitential Psalms	no_level3
756	quoniam speravi te	Penitential Psalms and Litany	Penitential Psalms	no_level3
757	innocentes et recti ad	Penitential Psalms and Litany	Penitential Psalms	no_level3
758	heserunt michi quia susti	Penitential Psalms and Litany	Penitential Psalms	no_level3
759	nui te	Penitential Psalms and Litany	Penitential Psalms	no_level3
760	ubera deus israel ex	Penitential Psalms and Litany	Penitential Psalms	no_level3
761	omnibus tribulationibus	Penitential Psalms and Litany	Penitential Psalms	no_level3
762	suis cl delicta iuventu	Penitential Psalms and Litany	Penitential Psalms	no_level3
763	tis mee et ignoratias me	Penitential Psalms and Litany	Penitential Psalms	no_level3
764	as ne memineris a quare	Penitential Psalms and Litany	Penitential Psalms	no_level3
765	sis il do iudere psalmus	Penitential Psalms and Litany	Penitential Psalms	no_level3
766	luminatio mea	Penitential Psalms and Litany	Penitential Psalms	no_level3
767	et salus mea que timebo	Penitential Psalms and Litany	Penitential Psalms	no_level3
768	protector vite	Penitential Psalms and Litany	Penitential Psalms	no_level3
769	mee aquotrepidabo	Penitential Psalms and Litany	Penitential Psalms	no_level3
770	sum appropiant super	Penitential Psalms and Litany	Penitential Psalms	no_level3
771	menocentes ut edant	Penitential Psalms and Litany	Penitential Psalms	no_level3
772	sarues meas	Penitential Psalms and Litany	Penitential Psalms	no_level3
773	qui tribulant ne tu	Penitential Psalms and Litany	Penitential Psalms	no_level3
774	inimici mei ipsi nuitirmati	Penitential Psalms and Litany	Penitential Psalms	no_level3
775	sunt et ceciderunt	Penitential Psalms and Litany	Penitential Psalms	no_level3
776	consistat adversum	Penitential Psalms and Litany	Penitential Psalms	no_level3
777	me saltra non timebit	Penitential Psalms and Litany	Penitential Psalms	no_level3
778	cor meum	Penitential Psalms and Litany	Penitential Psalms	no_level3
779	tu exurgat aduersus	Penitential Psalms and Litany	Penitential Psalms	no_level3
780	me prelui niſ hoc ego spe	Penitential Psalms and Litany	Penitential Psalms	no_level3
781	jam perpetu a domino	Penitential Psalms and Litany	Penitential Psalms	no_level3
782	hanc requiram ut in	Penitential Psalms and Litany	Penitential Psalms	no_level3
783	habitem in domino domini	Penitential Psalms and Litany	Penitential Psalms	no_level3
784	omnibus diebus vite	Penitential Psalms and Litany	Penitential Psalms	no_level3
785	videam volunta	Penitential Psalms and Litany	Penitential Psalms	no_level3
786	tem dominum et visitem tem	Penitential Psalms and Litany	Penitential Psalms	no_level3
787	populum eius	Penitential Psalms and Litany	Penitential Psalms	no_level3
788	michi abscondit me in	Penitential Psalms and Litany	Penitential Psalms	no_level3
789	tabernaculol cognouit die	Penitential Psalms and Litany	Penitential Psalms	no_level3
790	malorum protexit me in	Penitential Psalms and Litany	Penitential Psalms	no_level3
791	abscondito tabernaculum	Penitential Psalms and Litany	Penitential Psalms	no_level3
792	li suis	Penitential Psalms and Litany	Penitential Psalms	no_level3
793	si petra exaltavit	Penitential Psalms and Litany	Penitential Psalms	no_level3
794	me et avuc exaltavit asa	Penitential Psalms and Litany	Penitential Psalms	no_level3
795	put meum super inimi	Penitential Psalms and Litany	Penitential Psalms	no_level3
796	tos meos	Penitential Psalms and Litany	Penitential Psalms	no_level3
797	virtuvi et inmolam	Penitential Psalms and Litany	Penitential Psalms	no_level3
798	in tabernaculo eius ho	Penitential Psalms and Litany	Penitential Psalms	no_level3
799	stram uociferationis	Penitential Psalms and Litany	Penitential Psalms	no_level3
800	tantabo et plabimum di	Penitential Psalms and Litany	Penitential Psalms	no_level3
801	clam domino	Penitential Psalms and Litany	Penitential Psalms	no_level3
802	exaudi domine vocem	Penitential Psalms and Litany	Penitential Psalms	no_level3
803	gar civitiorum	Penitential Psalms and Litany	Penitential Psalms	no_level3
804	abominabil in leur	Penitential Psalms and Litany	Penitential Psalms	no_level3
805	novo anima mea et	Penitential Psalms and Litany	Penitential Psalms	no_level3
806	recio mea in simul moy	Penitential Psalms and Litany	Penitential Psalms	no_level3
807	vali proximum qui	Penitential Psalms and Litany	Penitential Psalms	no_level3
808	fratremum nostrum sicut co	Penitential Psalms and Litany	Penitential Psalms	no_level3
809	plateolo quodiligens	Penitential Psalms and Litany	Penitential Psalms	no_level3
810	et contristatus	Penitential Psalms and Litany	Penitential Psalms	no_level3
811	adversum me leta	Penitential Psalms and Litany	Penitential Psalms	no_level3
812	ti sunt et convenerunt to	Penitential Psalms and Litany	Penitential Psalms	no_level3
813	gregata sunt super me	Penitential Psalms and Litany	Penitential Psalms	no_level3
814	flagella et ignoravi	Penitential Psalms and Litany	Penitential Psalms	no_level3
815	missipati sunt nec	Penitential Psalms and Litany	Penitential Psalms	no_level3
816	puti tentaverunt me sub	Penitential Psalms and Litany	Penitential Psalms	no_level3
817	laudauerunt me sublan	Penitential Psalms and Litany	Penitential Psalms	no_level3
818	natione frenduerunt super	Penitential Psalms and Litany	Penitential Psalms	no_level3
819	me sedentibus lus	Penitential Psalms and Litany	Penitential Psalms	no_level3
820	domine quandore	Penitential Psalms and Litany	Penitential Psalms	no_level3
821	propitiés restitione anima	Penitential Psalms and Litany	Penitential Psalms	no_level3
822	mea a me malignitate eo	Penitential Psalms and Litany	Penitential Psalms	no_level3
823	runt de leours ou	Penitential Psalms and Litany	Penitential Psalms	no_level3
824	tam mea	Penitential Psalms and Litany	Penitential Psalms	no_level3
825	contritebor tibi in et	Penitential Psalms and Litany	Penitential Psalms	no_level3
826	leuncul magna ip populo	Penitential Psalms and Litany	Penitential Psalms	no_level3
827	granz laudabote	Penitential Psalms and Litany	Penitential Psalms	no_level3
828	con supergaudeant	Penitential Psalms and Litany	Penitential Psalms	no_level3
829	michi qui adversatur	Penitential Psalms and Litany	Penitential Psalms	no_level3
830	michi inique qui oderunt	Penitential Psalms and Litany	Penitential Psalms	no_level3
831	me gratis et annuit	Penitential Psalms and Litany	Penitential Psalms	no_level3
832	audivavi nichil que de	Penitential Psalms and Litany	Penitential Psalms	no_level3
833	partice loquebatur et	Penitential Psalms and Litany	Penitential Psalms	no_level3
834	nostraludicia terre loquentes	Penitential Psalms and Litany	Penitential Psalms	no_level3
835	dolos cogitabant	Penitential Psalms and Litany	Penitential Psalms	no_level3
836	dilataverunt super	Penitential Psalms and Litany	Penitential Psalms	no_level3
837	meos suum dixerunt euge	Penitential Psalms and Litany	Penitential Psalms	no_level3
838	euge viderunt oculi nostri	Penitential Psalms and Litany	Penitential Psalms	no_level3
839	dedisti domine ne sileas	Penitential Psalms and Litany	Penitential Psalms	no_level3
840	domine ne discedas a me	Penitential Psalms and Litany	Penitential Psalms	no_level3
841	exurge et intende	Penitential Psalms and Litany	Penitential Psalms	no_level3
842	iudicio meos deus meus	Penitential Psalms and Litany	Penitential Psalms	no_level3
843	et deus meus in aula	Penitential Psalms and Litany	Penitential Psalms	no_level3
844	iudica me secundus	Penitential Psalms and Litany	Penitential Psalms	no_level3
845	iusticia mea domine deus	Penitential Psalms and Litany	Penitential Psalms	no_level3
846	meus et non supergaude	Penitential Psalms and Litany	Penitential Psalms	no_level3
847	art touchi	Penitential Psalms and Litany	Penitential Psalms	no_level3
848	ou dicant in cordibus	Penitential Psalms and Litany	Penitential Psalms	no_level3
849	suis euge euge auve	Penitential Psalms and Litany	Penitential Psalms	no_level3
850	nostre les ditant devo	Penitential Psalms and Litany	Penitential Psalms	no_level3
851	recubinus eum	Penitential Psalms and Litany	Penitential Psalms	no_level3
852	rubescant et reveream	Penitential Psalms and Litany	Penitential Psalms	no_level3
853	tur suvis qui gratula	Penitential Psalms and Litany	Penitential Psalms	no_level3
854	tur inalis meis	Penitential Psalms and Litany	Penitential Psalms	no_level3
855	induantur confusio	Penitential Psalms and Litany	Penitential Psalms	no_level3
856	et reverentia qu aligna	Penitential Psalms and Litany	Penitential Psalms	no_level3
857	loquuntur super me	Penitential Psalms and Litany	Penitential Psalms	no_level3
858	exultent et letentur	Penitential Psalms and Litany	Penitential Psalms	no_level3
859	et civis eius manus pu	Penitential Psalms and Litany	Penitential Psalms	no_level3
860	gignet contra me dies	Penitential Psalms and Litany	Penitential Psalms	no_level3
861	mel transierunt cogita	Penitential Psalms and Litany	Penitential Psalms	no_level3
862	tiones mee dissipate sunt	Penitential Psalms and Litany	Penitential Psalms	no_level3
863	torquentes cor meum	Penitential Psalms and Litany	Penitential Psalms	no_level3
864	noctem verterunt in diem	Penitential Psalms and Litany	Penitential Psalms	no_level3
865	et rursum post tenebras	Penitential Psalms and Litany	Penitential Psalms	no_level3
866	sperolucem si suisti	Penitential Psalms and Litany	Penitential Psalms	no_level3
867	novero internus dominus	Penitential Psalms and Litany	Penitential Psalms	no_level3
868	mea est et in tenebris	Penitential Psalms and Litany	Penitential Psalms	no_level3
869	tau letau meurs	Penitential Psalms and Litany	Penitential Psalms	no_level3
870	putredine dixi pater	Penitential Psalms and Litany	Penitential Psalms	no_level3
871	menses et mater mea	Penitential Psalms and Litany	Penitential Psalms	no_level3
872	et soror mea vernibus	Penitential Psalms and Litany	Penitential Psalms	no_level3
873	ubi est ergonuc presto	Penitential Psalms and Litany	Penitential Psalms	no_level3
874	latio mea et patientia	Penitential Psalms and Litany	Penitential Psalms	no_level3
875	necl tu es domine deus meus	Penitential Psalms and Litany	Penitential Psalms	no_level3
876	que intres et iuditium	Penitential Psalms and Litany	Penitential Psalms	no_level3
877	cum seruis tuis domini educ	Penitential Psalms and Litany	Penitential Psalms	no_level3
878	ce tribulatione aias eorum	Penitential Psalms and Litany	Penitential Psalms	no_level3
879	libera eas in memoria	Penitential Psalms and Litany	Penitential Psalms	no_level3
880	eterna erunt iustic ab audi	Penitential Psalms and Litany	Penitential Psalms	no_level3
881	cione mala non timebunt	Penitential Psalms and Litany	Penitential Psalms	no_level3
882	educ de custodia le vij	Penitential Psalms and Litany	Penitential Psalms	no_level3
883	eli mee con	Penitential Psalms and Litany	Penitential Psalms	no_level3
884	luptis carnibus	Penitential Psalms and Litany	Penitential Psalms	no_level3
885	adhesit os meum dereli	Penitential Psalms and Litany	Penitential Psalms	no_level3
886	tra livitatummodolabia	Penitential Psalms and Litany	Penitential Psalms	no_level3
887	cra dentes meos maise	Penitential Psalms and Litany	Penitential Psalms	no_level3
888	remuni mei miseremini	Penitential Psalms and Litany	Penitential Psalms	no_level3
889	mei l alte uos amici mei	Penitential Psalms and Litany	Penitential Psalms	no_level3
890	que il nous ou tetigit	Penitential Psalms and Litany	Penitential Psalms	no_level3
891	me quare persequimini	Penitential Psalms and Litany	Penitential Psalms	no_level3
892	mea sicut deus et carnibus	Penitential Psalms and Litany	Penitential Psalms	no_level3
893	meislaturaint quis	Penitential Psalms and Litany	Penitential Psalms	no_level3
894	multipl det ut exarentur	Penitential Psalms and Litany	Penitential Psalms	no_level3
895	l moltisoiterreo aut	Penitential Psalms and Litany	Penitential Psalms	no_level3
896	plumbilamina vel ceste	Penitential Psalms and Litany	Penitential Psalms	no_level3
897	sculpatur in scilicet	Penitential Psalms and Litany	Penitential Psalms	no_level3
898	scioentum quod redemptor	Penitential Psalms and Litany	Penitential Psalms	no_level3
899	meus vivit et in no	Penitential Psalms and Litany	Penitential Psalms	no_level3
900	limo die de terra sur	Penitential Psalms and Litany	Penitential Psalms	no_level3
901	recteurs li et rursum	Penitential Psalms and Litany	Penitential Psalms	no_level3
902	trabrum perle mea	Penitential Psalms and Litany	Penitential Psalms	no_level3
903	et insarie mea videbo	Penitential Psalms and Litany	Penitential Psalms	no_level3
904	deu salvatore meum	Penitential Psalms and Litany	Penitential Psalms	no_level3
905	quem virus lauδavit	Penitential Psalms and Litany	Penitential Psalms	no_level3
906	ego ipse et oculi mei to	Penitential Psalms and Litany	Penitential Psalms	no_level3
907	specturi sunt et non allis	Penitential Psalms and Litany	Penitential Psalms	no_level3
908	repostol ethec lepes	Penitential Psalms and Litany	Penitential Psalms	no_level3
909	in linum meorum pectan	Penitential Psalms and Litany	Penitential Psalms	no_level3
910	teni me quotidie et non	Penitential Psalms and Litany	Penitential Psalms	no_level3
911	me penitente timor morum	Penitential Psalms and Litany	Penitential Psalms	no_level3
912	tis conturbati me quia in	Penitential Psalms and Litany	Penitential Psalms	no_level3
913	interno nulla est redemptio	Penitential Psalms and Litany	Penitential Psalms	no_level3
914	miserere mei deus et l il	Penitential Psalms and Litany	Penitential Psalms	no_level3
915	va me v deus in nomine	Penitential Psalms and Litany	Penitential Psalms	no_level3
916	tulo laliv me tant et in	Penitential Psalms and Litany	Penitential Psalms	no_level3
917	virtute tua credita mea ecce	Penitential Psalms and Litany	Penitential Psalms	no_level3
918	min interno nul l nolite	Penitential Psalms and Litany	Penitential Psalms	no_level3
919	ſicut adipe et puis	Penitential Psalms and Litany	Penitential Psalms	no_level3
920	guedine repleatur a	Penitential Psalms and Litany	Penitential Psalms	no_level3
921	nunc a meam et labiis	Penitential Psalms and Litany	Penitential Psalms	no_level3
922	exultatiours laudabit	Penitential Psalms and Litany	Penitential Psalms	no_level3
923	os meum	Penitential Psalms and Litany	Penitential Psalms	no_level3
924	sicut memor fui tui	Penitential Psalms and Litany	Penitential Psalms	no_level3
925	super stratum meum in	Penitential Psalms and Litany	Penitential Psalms	no_level3
926	matutinis meditabor	Penitential Psalms and Litany	Penitential Psalms	no_level3
927	in te quia fuisti adui	Penitential Psalms and Litany	Penitential Psalms	no_level3
928	tor meus	Penitential Psalms and Litany	Penitential Psalms	no_level3
929	et in velamento ala	Penitential Psalms and Litany	Penitential Psalms	no_level3
930	ruum tuarum exultabo	Penitential Psalms and Litany	Penitential Psalms	no_level3
931	adhesit anima mea post	Penitential Psalms and Litany	Penitential Psalms	no_level3
932	te me suscepit dextera	Penitential Psalms and Litany	Penitential Psalms	no_level3
933	populi vero me pau	Penitential Psalms and Litany	Penitential Psalms	no_level3
934	quelierunt animam	Penitential Psalms and Litany	Penitential Psalms	no_level3
935	meam et introibunt in	Penitential Psalms and Litany	Penitential Psalms	no_level3
936	interiora terre tradem	Penitential Psalms and Litany	Penitential Psalms	no_level3
937	tur in manu gladii	Penitential Psalms and Litany	Penitential Psalms	no_level3
938	partes vulpium erunt	Penitential Psalms and Litany	Penitential Psalms	no_level3
939	ex vero letabitur	Penitential Psalms and Litany	Penitential Psalms	no_level3
940	me deo laudabuntur	Penitential Psalms and Litany	Penitential Psalms	no_level3
941	bonis qui iurant in eo	Penitential Psalms and Litany	Penitential Psalms	no_level3
942	quia obstructum est os	Penitential Psalms and Litany	Penitential Psalms	no_level3
943	loquentur iniqua psalmus	Penitential Psalms and Litany	Penitential Psalms	no_level3
944	deus misereatur	Penitential Psalms and Litany	Penitential Psalms	no_level3
945	nostri et benedic	Penitential Psalms and Litany	Penitential Psalms	no_level3
946	sat nobis illuminet	Penitential Psalms and Litany	Penitential Psalms	no_level3
947	vultum suum super nos	Penitential Psalms and Litany	Penitential Psalms	no_level3
948	et misereatur nostri	Penitential Psalms and Litany	Penitential Psalms	no_level3
949	cognoscamus in	Penitential Psalms and Litany	Penitential Psalms	no_level3
950	terra viam tuam in obi	Penitential Psalms and Litany	Penitential Psalms	no_level3
951	bus gentibus saluta	Penitential Psalms and Litany	Penitential Psalms	no_level3
952	re tuum	Penitential Psalms and Litany	Penitential Psalms	no_level3
953	confiteantur tibi po	Penitential Psalms and Litany	Penitential Psalms	no_level3
954	populi deus confiteantur	Penitential Psalms and Litany	Penitential Psalms	no_level3
955	tibi populi omnes	Penitential Psalms and Litany	Penitential Psalms	no_level3
956	letentur et exultent	Penitential Psalms and Litany	Penitential Psalms	no_level3
957	gentes quoniam iudi	Penitential Psalms and Litany	Penitential Psalms	no_level3
958	cas populos in equitate	Penitential Psalms and Litany	Penitential Psalms	no_level3
959	et gentes in terra diri	Penitential Psalms and Litany	Penitential Psalms	no_level3
960	confiteantur tibi po	Penitential Psalms and Litany	Penitential Psalms	no_level3
961	populi deus contiteatur	Penitential Psalms and Litany	Penitential Psalms	no_level3
962	tibi populi omnes retra	Penitential Psalms and Litany	Penitential Psalms	no_level3
963	dedit fructum suum	Penitential Psalms and Litany	Penitential Psalms	no_level3
964	benedicat nos deus	Penitential Psalms and Litany	Penitential Psalms	no_level3
965	deus noster beneoitat	Penitential Psalms and Litany	Penitential Psalms	no_level3
966	nos deus et metuct eum	Penitential Psalms and Litany	Penitential Psalms	no_level3
967	omnes fines terre	Penitential Psalms and Litany	Penitential Psalms	no_level3
968	equiem a chelus	Penitential Psalms and Litany	Penitential Psalms	no_level3
969	cepit dextera tua domine a	Penitential Psalms and Litany	Penitential Psalms	no_level3
970	apporta inferi psalmus	Penitential Psalms and Litany	Penitential Psalms	no_level3
971	dixi in dimi	Penitential Psalms and Litany	Penitential Psalms	no_level3
972	dio dierum meorum n a	Penitential Psalms and Litany	Penitential Psalms	no_level3
973	dam ad portas inferis	Penitential Psalms and Litany	Penitential Psalms	no_level3
974	velui residuum	Penitential Psalms and Litany	Penitential Psalms	no_level3
975	annorum meorum dixi non	Penitential Psalms and Litany	Penitential Psalms	no_level3
976	videbo dominum deum in	Penitential Psalms and Litany	Penitential Psalms	no_level3
977	laudate dominum de ce	Penitential Psalms and Litany	Penitential Psalms	no_level3
978	elis laudate eum	Penitential Psalms and Litany	Penitential Psalms	no_level3
979	in excelsis	Penitential Psalms and Litany	Penitential Psalms	no_level3
980	gaudate eum omnes	Penitential Psalms and Litany	Penitential Psalms	no_level3
981	angeli eius laud eum	Penitential Psalms and Litany	Penitential Psalms	no_level3
982	omnes virtutes eius	Penitential Psalms and Litany	Penitential Psalms	no_level3
983	aud eum sol et luna	Penitential Psalms and Litany	Penitential Psalms	no_level3
984	laudate eum stelle et	Penitential Psalms and Litany	Penitential Psalms	no_level3
985	laudate eum celi ce	Penitential Psalms and Litany	Penitential Psalms	no_level3
986	lorum et aque que super ce	Penitential Psalms and Litany	Penitential Psalms	no_level3
987	los sunt laudes nomen	Penitential Psalms and Litany	Penitential Psalms	no_level3
988	quia ipse dixit et sanctum	Penitential Psalms and Litany	Penitential Psalms	no_level3
989	ta sunt ipse mandauit et	Penitential Psalms and Litany	Penitential Psalms	no_level3
990	creata sunt	Penitential Psalms and Litany	Penitential Psalms	no_level3
991	statuit ea in eternum et	Penitential Psalms and Litany	Penitential Psalms	no_level3
992	in seculum seculi preceptum	Penitential Psalms and Litany	Penitential Psalms	no_level3
993	posuit et non preteribit	Penitential Psalms and Litany	Penitential Psalms	no_level3
994	laudate dominum de terra	Penitential Psalms and Litany	Penitential Psalms	no_level3
995	drachoes et omnes abilihi	Penitential Psalms and Litany	Penitential Psalms	no_level3
996	genus grando nix	Penitential Psalms and Litany	Penitential Psalms	no_level3
997	glacies spiritus procellarum	Penitential Psalms and Litany	Penitential Psalms	no_level3
998	que tacuit verbum eius	Penitential Psalms and Litany	Penitential Psalms	no_level3
999	toutes et omnes soles	Penitential Psalms and Litany	Penitential Psalms	no_level3
1000	ligna trutittera et ou	Penitential Psalms and Litany	Penitential Psalms	no_level3
1001	nes cedri	Penitential Psalms and Litany	Penitential Psalms	no_level3
1002	bestie et universa peccato	Penitential Psalms and Litany	Penitential Psalms	no_level3
1003	ra serpentes et omnes vos	Penitential Psalms and Litany	Penitential Psalms	no_level3
1004	lucres pennate	Penitential Psalms and Litany	Penitential Psalms	no_level3
1005	reges terre et omnes	Penitential Psalms and Litany	Penitential Psalms	no_level3
1006	bis eni ante faciem domini	Penitential Psalms and Litany	Penitential Psalms	no_level3
1007	parare vias eius	Penitential Psalms and Litany	Penitential Psalms	no_level3
1008	dandain scientia	Penitential Psalms and Litany	Penitential Psalms	no_level3
1009	salutis plebi eius in re	Penitential Psalms and Litany	Penitential Psalms	no_level3
1010	missione peccatorum eorum	Penitential Psalms and Litany	Penitential Psalms	no_level3
1011	er viscera mie dei	Penitential Psalms and Litany	Penitential Psalms	no_level3
1012	nostri in quibus visi	Penitential Psalms and Litany	Penitential Psalms	no_level3
1013	tauit nos oriens ex al	Penitential Psalms and Litany	Penitential Psalms	no_level3
1014	fluvare his qui in	Penitential Psalms and Litany	Penitential Psalms	no_level3
1015	tenebris et in umbra	Penitential Psalms and Litany	Penitential Psalms	no_level3
1016	mortis sedent adiri	Penitential Psalms and Litany	Penitential Psalms	no_level3
1017	regendos pedes noltro in	Penitential Psalms and Litany	Penitential Psalms	no_level3
1018	viam pacis	Penitential Psalms and Litany	Penitential Psalms	no_level3
1019	requiem eterna cl	Penitential Psalms and Litany	Penitential Psalms	no_level3
1020	libera domine aias eorum ab	Penitential Psalms and Litany	Penitential Psalms	no_level3
1021	domini viculo delictorum non	Penitential Psalms and Litany	Penitential Psalms	no_level3
1022	eas tormentum mortis ait	Penitential Psalms and Litany	Penitential Psalms	no_level3
1023	tingat non reorum sathena	Penitential Psalms and Litany	Penitential Psalms	no_level3
1024	constringatiz mereatur	Penitential Psalms and Litany	Penitential Psalms	no_level3
1025	evadere iudicii ultionis	Penitential Psalms and Litany	Penitential Psalms	no_level3
1026	et tu sanctis atque electis in	Penitential Psalms and Litany	Penitential Psalms	no_level3
1027	celis gaudere v domine ex	Penitential Psalms and Litany	Penitential Psalms	no_level3
1028	audi orationem meam r	Penitential Psalms and Litany	Penitential Psalms	no_level3
1029	et clamor meus ad te	Penitential Psalms and Litany	Penitential Psalms	no_level3
1030	n ait precem eorum	Penitential Psalms and Litany	Penitential Psalms	no_level3
1031	inclina adoue	Penitential Psalms and Litany	Penitential Psalms	no_level3
1032	aurem tuam ad preces	Penitential Psalms and Litany	Penitential Psalms	no_level3
1033	livres que vous vouleritor	Penitential Psalms and Litany	Penitential Psalms	no_level3
1034	vincul tuam supplices de	Penitential Psalms and Litany	Penitential Psalms	no_level3
1035	precamur ut animas famuli	Penitential Psalms and Litany	Penitential Psalms	no_level3
1036	lorum famularum que tuarum	Penitential Psalms and Litany	Penitential Psalms	no_level3
1037	quas de hoc seculongiora	Penitential Psalms and Litany	Penitential Psalms	no_level3
1038	re iussisti in pacis as lu	Penitential Psalms and Litany	Penitential Psalms	no_level3
1039	eis regione costituas et	Penitential Psalms and Litany	Penitential Psalms	no_level3
1040	sanctorum tuorum nubeas	Penitential Psalms and Litany	Penitential Psalms	no_level3
1041	esle consortes alia eorum	Penitential Psalms and Litany	Penitential Psalms	no_level3
1042	fidelium deus omni	Penitential Psalms and Litany	Penitential Psalms	no_level3
1043	conditorum et redde	Penitential Psalms and Litany	Penitential Psalms	no_level3
1044	ptor animabus fauva	Penitential Psalms and Litany	Penitential Psalms	no_level3
1045	lorum famularum que tuarum	Penitential Psalms and Litany	Penitential Psalms	no_level3
1046	reuvallioue cunctorum	Penitential Psalms and Litany	Penitential Psalms	no_level3
1047	tribue peccatorum ut in	Penitential Psalms and Litany	Penitential Psalms	no_level3
1048	dulgentia que a semper	Penitential Psalms and Litany	Penitential Psalms	no_level3
1049	optaverunt puis suppli	Penitential Psalms and Litany	Penitential Psalms	no_level3
1050	oblationibus coulequant	Penitential Psalms and Litany	Penitential Psalms	no_level3
1051	qui vivis et regnas	Penitential Psalms and Litany	Penitential Psalms	no_level3
1052	per omnia seculum seculorum	Penitential Psalms and Litany	Penitential Psalms	no_level3
1053	equiescant pace a	Penitential Psalms and Litany	Penitential Psalms	no_level3
1054	praison a nostre dame	Penitential Psalms and Litany	Penitential Psalms	no_level3
1055	consecrote do	Obsecro Te	no_level2	no_level3
1056	mina sancta	Obsecro Te	no_level2	no_level3
1057	maria nunc	Obsecro Te	no_level2	no_level3
1058	ter des pietas	Obsecro Te	no_level2	no_level3
1059	te plenissima l il	Obsecro Te	no_level2	no_level3
1060	regis filia mater glo	Obsecro Te	no_level2	no_level3
1061	riosissima mater or	Obsecro Te	no_level2	no_level3
1062	phanorum consolatio	Obsecro Te	no_level2	no_level3
1063	desolatorum via errant	Obsecro Te	no_level2	no_level3
1064	tuum salus in te spera	Obsecro Te	no_level2	no_level3
1065	tuarum cum omnibus	Obsecro Te	no_level2	no_level3
1066	tu esse merear et veni	Obsecro Te	no_level2	no_level3
1067	sanctis et electis dei te	Obsecro Te	no_level2	no_level3
1068	et tentema et auxilium et	Obsecro Te	no_level2	no_level3
1069	colum meum in omnibus	Obsecro Te	no_level2	no_level3
1070	orationibus et requestis	Obsecro Te	no_level2	no_level3
1071	meis omnibus argu	Obsecro Te	no_level2	no_level3
1072	itins et necessitatibus	Obsecro Te	no_level2	no_level3
1073	meis hec etiam in omnibus	Obsecro Te	no_level2	no_level3
1074	illis rebus me quibus	Obsecro Te	no_level2	no_level3
1075	ego su facturus loqui	Obsecro Te	no_level2	no_level3
1076	turis aut cogitaturus	Obsecro Te	no_level2	no_level3
1077	omnibus diebus fac noctibus	Obsecro Te	no_level2	no_level3
1078	horis atque momentis	Obsecro Te	no_level2	no_level3
1079	vite mee et nutrivi tui	Obsecro Te	no_level2	no_level3
1080	mulio tuo mampetres celi	Obsecro Te	no_level2	no_level3
1081	tum vite cit ou il a	Obsecro Te	no_level2	no_level3
1082	et toudicatione ou	Obsecro Te	no_level2	no_level3
1083	coud auxilio et clou	Obsecro Te	no_level2	no_level3
1084	torio ou benedictione	Obsecro Te	no_level2	no_level3
1085	et sanctificatione annu	Obsecro Te	no_level2	no_level3
1086	solutionem pace et pro	Obsecro Te	no_level2	no_level3
1087	speritate ou gaudio et	Obsecro Te	no_level2	no_level3
1088	alacritate etia abiit	Obsecro Te	no_level2	no_level3
1089	d aitia in bonorum ipsi	Obsecro Te	no_level2	no_level3
1090	ritualur et corporalu	Obsecro Te	no_level2	no_level3
1091	et gratielipulis lauti	Obsecro Te	no_level2	no_level3
1092	qui ne bene per ou	Obsecro Te	no_level2	no_level3
1093	ou pourt ou mea	Obsecro Te	no_level2	no_level3
1094	picia et in omnibus auxi	Obsecro Te	no_level2	no_level3
1095	utrix lazophes expi ta	Obsecro Te	no_level2	no_level3
1096	illaris et conce qui	Obsecro Te	no_level2	no_level3
1097	ab eodem domino nostroihiix	Obsecro Te	no_level2	no_level3
1098	virgoes electus atque inter	Obsecro Te	no_level2	no_level3
1099	ceteros magis dilectus	Obsecro Te	no_level2	no_level3
1100	atque in misteriis caelestibus	Obsecro Te	no_level2	no_level3
1101	ultrons moutus a	Obsecro Te	no_level2	no_level3
1102	postolus et evangelista	Obsecro Te	no_level2	no_level3
1103	tactus est préciearismi	Obsecro Te	no_level2	no_level3
1104	te etiam invoco cum maria	Obsecro Te	no_level2	no_level3
1105	matre enisce du nolt	Obsecro Te	no_level2	no_level3
1106	ilzu expi l aliz cultoris ut	Obsecro Te	no_level2	no_level3
1107	michi tu ill oper terre	Obsecro Te	no_level2	no_level3
1108	digneris que germe	Obsecro Te	no_level2	no_level3
1109	celestes maria et joheres	Obsecro Te	no_level2	no_level3
1110	obvolviaria divinitus	Obsecro Te	no_level2	no_level3
1111	ante deum lucentia vestris	Obsecro Te	no_level2	no_level3
1112	raduns scelerum meorum effu	Obsecro Te	no_level2	no_level3
1113	gate nubila vos estis il	Obsecro Te	no_level2	no_level3
1114	li duo in quibus deus pater	Obsecro Te	no_level2	no_level3
1115	per tiliv suum specialiter	Obsecro Te	no_level2	no_level3
1116	edificauit sibi dominum et	Obsecro Te	no_level2	no_level3
1117	iniquibus ipse unigenitus	Obsecro Te	no_level2	no_level3
1118	des filius obsincerissime	Obsecro Te	no_level2	no_level3
1119	virgitatis meritum confir	Obsecro Te	no_level2	no_level3
1120	mauit sibi privilegium	Obsecro Te	no_level2	no_level3
1121	in cruce pendens vini ve	Obsecro Te	no_level2	no_level3
1122	stru ita dicens mulier	Obsecro Te	no_level2	no_level3
1123	filiis tuus deinde	Obsecro Te	no_level2	no_level3
1124	advalui ecce mater tua	Obsecro Te	no_level2	no_level3
1125	huius ergota sacra	Obsecro Te	no_level2	no_level3
1126	tillim amoris dulcedine	Obsecro Te	no_level2	no_level3
1127	quas ita oré destructo velut	Obsecro Te	no_level2	no_level3
1128	mater et filius invicem	Obsecro Te	no_level2	no_level3
1129	touncti estis nobis et	Obsecro Te	no_level2	no_level3
1130	duobique ego miser pec	Obsecro Te	no_level2	no_level3
1131	satorum commendo corpus	Obsecro Te	no_level2	no_level3
1132	et animam meam ut omnibus	Obsecro Te	no_level2	no_level3
1133	horis atque monumentis	Obsecro Te	no_level2	no_level3
1134	intus et excervis firmi	Obsecro Te	no_level2	no_level3
1135	custodes et ay deum	Obsecro Te	no_level2	no_level3
1136	intercess exurae	Obsecro Te	no_level2	no_level3
1137	gener min rebus eius etir	Obsecro Te	no_level2	no_level3
1138	mitter et indulgur	Obsecro Te	no_level2	no_level3
1139	ter quia velle dextrum velle	Obsecro Te	no_level2	no_level3
1140	bellent et nolle vestrum non	Obsecro Te	no_level2	no_level3
1141	le bien est unde quicquid	Obsecro Te	no_level2	no_level3
1142	tubeo petitissime mora	Obsecro Te	no_level2	no_level3
1143	obtinetis psalmuser hoc ergo	Obsecro Te	no_level2	no_level3
1144	ta potentissimam vestre	Obsecro Te	no_level2	no_level3
1145	dignitatis virtute pour	Obsecro Te	no_level2	no_level3
1146	cité michi que son aie et	Obsecro Te	no_level2	no_level3
1147	corporis salute agite	Obsecro Te	no_level2	no_level3
1148	quelo agite vis gloriosi	Obsecro Te	no_level2	no_level3
1149	precibus ut cor meum invises	Obsecro Te	no_level2	no_level3
1150	te et inhabitare dignet	Obsecro Te	no_level2	no_level3
1151	corpus ainus gratiarum	Obsecro Te	no_level2	no_level3
1152	largitor optimus que me	Obsecro Te	no_level2	no_level3
1153	avunctis vivorum sordibus	Obsecro Te	no_level2	no_level3
1154	expurget virtutibus	Obsecro Te	no_level2	no_level3
1155	latris exornet il dilectione	Obsecro Te	no_level2	no_level3
1156	bellet proximi pertecte	Obsecro Te	no_level2	no_level3
1157	litare et pleverare menta	Obsecro Te	no_level2	no_level3
1158	tiat et post huius vite	Obsecro Te	no_level2	no_level3
1159	curv ad gaudia ducent	Obsecro Te	no_level2	no_level3
1160	electorum livorum benigni illi	Obsecro Te	no_level2	no_level3
1161	nous paraclit qui tu	Obsecro Te	no_level2	no_level3
1162	deo patre coeterno et to	Obsecro Te	no_level2	no_level3
1163	subsultationali vivit et re	Obsecro Te	no_level2	no_level3
1164	gnar per itinita jeculorum	Obsecro Te	no_level2	no_level3
1165	lectula amen	Obsecro Te	no_level2	no_level3
1166	levitis sue et et	Obsecro Te	no_level2	no_level3
